ctx_tokens,prefill_tokens,prefill_tps,gen_tokens,gen_tps,gen_first_ms,gen_steady_tokens,gen_steady_tps,kvcache_bytes
8192,8192,430.81,1,1.28,782.066,0,0.00,63464500
8196,4,22.00,1,2.58,388.284,0,0.00,63490116
8200,4,23.47,1,22.52,44.377,0,0.00,63515732
8204,4,22.47,1,23.01,43.435,0,0.00,63541348
8208,4,22.60,1,23.09,43.284,0,0.00,63566964
8212,4,24.18,1,23.73,42.114,0,0.00,63592580
8216,4,22.55,1,20.30,49.252,0,0.00,63618196
8220,4,23.00,1,22.90,43.646,0,0.00,63643812
8224,4,23.83,1,23.01,43.432,0,0.00,63669428
8228,4,23.53,1,21.64,46.175,0,0.00,63695044
8232,4,24.20,1,24.51,40.788,0,0.00,63720660
8236,4,24.09,1,19.98,50.018,0,0.00,63746276
8240,4,23.65,1,22.49,44.435,0,0.00,0
